Munoz,Munoz,Émile,Émile,ÉmileMunoz@viacesi.fr,ÉmileMunoz@viacesi.fr,1973-02-10,1973-02-10,male,male,Strasbourg,Strasbourg
Guillou,Guillou,Yves,Yves,YvesGuillou@viacesi.fr,YvesGuillou@viacesi.fr,1995-09-07,1995-09-07,male,male,Strasbourg,Strasbourg
Vidal,Vidal,Denise,Denise,DeniseVidal@viacesi.fr,DeniseVidal@viacesi.fr,1978-09-29,1978-09-29,female,female,Châteauroux,Châteauroux
Merle,Merle,Auguste,Auguste,AugusteMerle@viacesi.fr,AugusteMerle@viacesi.fr,2000-11-04,2000-11-04,male,male,Orléans,Orléans
Reynaud,Reynaud,Alexandre,Alexandre,AlexandreReynaud@viacesi.fr,AlexandreReynaud@viacesi.fr,1979-07-28,1979-07-28,male,male,Nice,Nice
Pereira,Pereira,Noémi,Noémi,NoémiPereira@viacesi.fr,NoémiPereira@viacesi.fr,1997-09-01,1997-09-01,female,female,Montpellier,Montpellier
Chartier,Chartier,Marguerite,Marguerite,MargueriteChartier@viacesi.fr,MargueriteChartier@viacesi.fr,1992-09-19,1992-09-19,female,female,Strasbourg,Strasbourg
Francois,Francois,Alain,Alain,AlainFrancois@viacesi.fr,AlainFrancois@viacesi.fr,1987-12-31,1987-12-31,male,male,Toulouse,Toulouse
Guilbert,Guilbert,Monique,Monique,MoniqueGuilbert@viacesi.fr,MoniqueGuilbert@viacesi.fr,1977-11-02,1977-11-02,female,female,Rouen,Rouen
Fournier,Fournier,Théodore,Théodore,ThéodoreFournier@viacesi.fr,ThéodoreFournier@viacesi.fr,1986-02-24,1986-02-24,male,male,Nice,Nice
Maillet,Maillet,Frédéric,Frédéric,FrédéricMaillet@viacesi.fr,FrédéricMaillet@viacesi.fr,1996-07-18,1996-07-18,male,male,"Paris Nanterre","Paris Nanterre"
Thomas,Thomas,Patrick,Patrick,PatrickThomas@viacesi.fr,PatrickThomas@viacesi.fr,1995-12-22,1995-12-22,male,male,Châteauroux,Châteauroux
Moreau,Moreau,Laure,Laure,LaureMoreau@viacesi.fr,LaureMoreau@viacesi.fr,1987-04-12,1987-04-12,female,female,Rouen,Rouen
Pereira,Pereira,Alexandre,Alexandre,AlexandrePereira@viacesi.fr,AlexandrePereira@viacesi.fr,1988-04-18,1988-04-18,male,male,"Paris Nanterre","Paris Nanterre"
"De Oliveira","De Oliveira",Eugène,Eugène,"EugèneDe Oliveira@viacesi.fr","EugèneDe Oliveira@viacesi.fr",1976-03-22,1976-03-22,male,male,Toulouse,Toulouse
Loiseau,Loiseau,Alain,Alain,AlainLoiseau@viacesi.fr,AlainLoiseau@viacesi.fr,1979-03-08,1979-03-08,male,male,Strasbourg,Strasbourg
Pichon,Pichon,René,René,RenéPichon@viacesi.fr,RenéPichon@viacesi.fr,1975-12-19,1975-12-19,male,male,Châteauroux,Châteauroux
Meyer,Meyer,Charles,Charles,CharlesMeyer@viacesi.fr,CharlesMeyer@viacesi.fr,1977-02-12,1977-02-12,male,male,"Paris Nanterre","Paris Nanterre"
Leduc,Leduc,Étienne,Étienne,ÉtienneLeduc@viacesi.fr,ÉtienneLeduc@viacesi.fr,1972-10-18,1972-10-18,male,male,"La Rochelle","La Rochelle"
Guyot,Guyot,Emmanuel,Emmanuel,EmmanuelGuyot@viacesi.fr,EmmanuelGuyot@viacesi.fr,1988-05-16,1988-05-16,male,male,Châteauroux,Châteauroux
